id,name,dob,salary,joining_date
1,Maura Sprey,2001-02-14T23:02:36Z,43522,2008-11-23T16:29:44Z
2,Shurwood Enrich,2000-10-21T18:23:07Z,34808,2004-11-01T07:19:47Z
3,Orelee Dyble,2001-01-20T03:47:01Z,48688,2013-04-21T18:38:34Z
4,Ulric Radnedge,1999-08-28T04:46:38Z,49640,2012-06-24T10:57:38Z
5,Maryanne Skains,1999-09-16T10:14:18Z,32863,2013-03-11T18:52:51Z
6,Brenn Simonnot,2000-09-06T11:50:18Z,34640,2014-10-20T05:37:23Z
7,Ave Kliement,1999-07-10T23:14:43Z,43097,2014-09-01T18:09:41Z
8,Shay Shelton,1999-05-28T16:57:21Z,34572,2005-09-23T00:58:34Z
9,Erda Huetson,2000-10-09T04:16:20Z,39641,2005-09-24T04:24:41Z
10,Darbee Cluney,2002-09-26T12:05:20Z,43750,2005-10-06T02:01:34Z
